,loan_default,NEW.ACCTS.IN.LAST.SIX.MONTHS,DELINQUENT.ACCTS.IN.LAST.SIX.MONTHS,AVERAGE.ACCT.AGE,NO.OF_INQUIRIES
loan_default,1.0,-0.029399680347274797,0.03446163519136305,,0.04367783341044267
NEW.ACCTS.IN.LAST.SIX.MONTHS,-0.029399680347274797,1.0,0.18276882113326778,,0.26470915528515815
DELINQUENT.ACCTS.IN.LAST.SIX.MONTHS,0.03446163519136305,0.18276882113326778,1.0,,0.0707149489473286
AVERAGE.ACCT.AGE,,,,,
NO.OF_INQUIRIES,0.04367783341044267,0.26470915528515815,0.0707149489473286,,1.0
